/*
Navicat MySQL Data Transfer

Source Server         : nginx-localhost
Source Server Version : 50716
Source Host           : localhost:3306
Source Database       : blog57

Target Server Type    : MYSQL
Target Server Version : 50716
File Encoding         : 65001

Date: 2019-01-31 15:07:47
*/

SET FOREIGN_KEY_CHECKS=0;

-- ----------------------------
-- Table structure for jobs
-- ----------------------------
DROP TABLE IF EXISTS `jobs`;
CREATE TABLE `jobs` (
  `id` bigint(20) unsigned NOT NULL AUTO_INCREMENT,
  `queue` varchar(255) COLLATE utf8mb4_unicode_ci NOT NULL,
  `payload` longtext COLLATE utf8mb4_unicode_ci NOT NULL,
  `attempts` tinyint(3) unsigned NOT NULL,
  `reserved_at` int(10) unsigned DEFAULT NULL,
  `available_at` int(10) unsigned NOT NULL,
  `created_at` int(10) unsigned NOT NULL,
  PRIMARY KEY (`id`),
  KEY `jobs_queue_index` (`queue`)
) ENGINE=InnoDB DEFAULT CHARSET=utf8mb4 COLLATE=utf8mb4_unicode_ci;

-- ----------------------------
-- Records of jobs
-- ----------------------------

-- ----------------------------
-- Table structure for migrations
-- ----------------------------
DROP TABLE IF EXISTS `migrations`;
CREATE TABLE `migrations` (
  `id` int(10) unsigned NOT NULL AUTO_INCREMENT,
  `migration` varchar(255) COLLATE utf8mb4_unicode_ci NOT NULL,
  `batch` int(11) NOT NULL,
  PRIMARY KEY (`id`)
) ENGINE=InnoDB AUTO_INCREMENT=8 DEFAULT CHARSET=utf8mb4 COLLATE=utf8mb4_unicode_ci;

-- ----------------------------
-- Records of migrations
-- ----------------------------
INSERT INTO `migrations` VALUES ('1', '2014_10_12_000000_create_users_table', '1');
INSERT INTO `migrations` VALUES ('2', '2014_10_12_100000_create_password_resets_table', '1');
INSERT INTO `migrations` VALUES ('3', '2019_01_14_055224_create_posts_table', '1');
INSERT INTO `migrations` VALUES ('4', '2019_01_18_073201_create_tags_table', '2');
INSERT INTO `migrations` VALUES ('5', '2019_01_18_073248_create_post_tag_pivot', '2');
INSERT INTO `migrations` VALUES ('6', '2019_01_22_061057_restructure_posts_table', '3');
INSERT INTO `migrations` VALUES ('7', '2019_01_24_072954_create_jobs_table', '4');

-- ----------------------------
-- Table structure for password_resets
-- ----------------------------
DROP TABLE IF EXISTS `password_resets`;
CREATE TABLE `password_resets` (
  `email` varchar(255) COLLATE utf8mb4_unicode_ci NOT NULL,
  `token` varchar(255) COLLATE utf8mb4_unicode_ci NOT NULL,
  `created_at` timestamp NULL DEFAULT NULL,
  KEY `password_resets_email_index` (`email`)
) ENGINE=InnoDB DEFAULT CHARSET=utf8mb4 COLLATE=utf8mb4_unicode_ci;

-- ----------------------------
-- Records of password_resets
-- ----------------------------

-- ----------------------------
-- Table structure for posts
-- ----------------------------
DROP TABLE IF EXISTS `posts`;
CREATE TABLE `posts` (
  `id` int(10) unsigned NOT NULL AUTO_INCREMENT,
  `slug` varchar(255) COLLATE utf8mb4_unicode_ci NOT NULL,
  `title` varchar(100) COLLATE utf8mb4_unicode_ci NOT NULL COMMENT '文章标题',
  `subtitle` varchar(255) COLLATE utf8mb4_unicode_ci NOT NULL COMMENT '文章副标题',
  `content_raw` text COLLATE utf8mb4_unicode_ci NOT NULL COMMENT '文章内容',
  `content_html` text COLLATE utf8mb4_unicode_ci NOT NULL COMMENT '使用 Markdown 编辑内容但同时保存 HTML 版本',
  `page_image` varchar(255) COLLATE utf8mb4_unicode_ci NOT NULL COMMENT '文章缩略图（封面图）',
  `meta_description` varchar(255) COLLATE utf8mb4_unicode_ci NOT NULL COMMENT '文章备注说明',
  `is_draft` tinyint(1) NOT NULL COMMENT '该文章是否是草稿',
  `layout` varchar(255) COLLATE utf8mb4_unicode_ci NOT NULL DEFAULT 'blog.layouts.post' COMMENT '使用的布局',
  `deleted_at` timestamp NULL DEFAULT NULL COMMENT '删除时间',
  `published_at` timestamp NULL DEFAULT NULL COMMENT '文章正式发布时间',
  `created_at` timestamp NULL DEFAULT NULL,
  `updated_at` timestamp NULL DEFAULT NULL,
  PRIMARY KEY (`id`),
  UNIQUE KEY `posts_slug_unique` (`slug`)
) ENGINE=InnoDB AUTO_INCREMENT=21 DEFAULT CHARSET=utf8mb4 COLLATE=utf8mb4_unicode_ci;

-- ----------------------------
-- Records of posts
-- ----------------------------
INSERT INTO `posts` VALUES ('1', 'ozzse1nc5c4819144e3b2-0', 'Fugit excepturi consectetur dolor.', 'Ratione iure voluptatem eius et incidunt delectus eum et temporibus molestiae velit et fugiat amet.', 'Nam aut velit error excepturi quisquam nesciunt hic. Fugiat sit nam id assumenda ut dolorem. Quaerat facere est fugit ea natus autem omnis ratione. Dolorem eligendi natus fugiat odit.\n\nEt maxime et molestiae voluptatibus et. Expedita optio beatae voluptas ut qui rerum. Ut ut perferendis inventore aut quis vel laborum. Natus qui assumenda aut amet labore.\n\nConsequatur ea quisquam quo nihil voluptatibus iusto nostrum. Nostrum ipsum rem architecto praesentium. Nihil commodi sit quia dolorem sit. Est voluptatum officia expedita deserunt.', '<p>Nam aut velit error excepturi quisquam nesciunt hic. Fugiat sit nam id assumenda ut dolorem. Quaerat facere est fugit ea natus autem omnis ratione. Dolorem eligendi natus fugiat odit.</p>\n\n<p>Et maxime et molestiae voluptatibus et. Expedita optio beatae voluptas ut qui rerum. Ut ut perferendis inventore aut quis vel laborum. Natus qui assumenda aut amet labore.</p>\n\n<p>Consequatur ea quisquam quo nihil voluptatibus iusto nostrum. Nostrum ipsum rem architecto praesentium. Nihil commodi sit quia dolorem sit. Est voluptatum officia expedita deserunt.</p>\n', 'post-bg.jpg', 'Meta for Fugit excepturi consectetur dolor.', '0', 'blog.layouts.post', null, '2019-01-22 08:45:29', '2019-01-23 07:34:44', '2019-01-23 07:34:44');
INSERT INTO `posts` VALUES ('2', 'rsht002q5c4819145238b-0', 'Voluptatem est quod non aspernatur.', 'Dolorem non quaerat architecto voluptatum itaque consequatur cupiditate natus impedit numquam consequatur delectus soluta aspernatur in non ad corporis sed laboriosam et est quasi.', 'Deserunt deleniti voluptatem expedita perspiciatis quo. Velit quos atque reiciendis assumenda. Iure odio itaque esse alias.\n\nConsequatur sed mollitia iure. Magni sed qui et modi saepe. Consectetur fuga iure quia architecto. Fuga recusandae iusto architecto facere magnam eaque.\n\nSit et doloremque nemo aut. Rerum cum facere laboriosam rem.', '<p>Deserunt deleniti voluptatem expedita perspiciatis quo. Velit quos atque reiciendis assumenda. Iure odio itaque esse alias.</p>\n\n<p>Consequatur sed mollitia iure. Magni sed qui et modi saepe. Consectetur fuga iure quia architecto. Fuga recusandae iusto architecto facere magnam eaque.</p>\n\n<p>Sit et doloremque nemo aut. Rerum cum facere laboriosam rem.</p>\n', 'about-bg.jpg', 'Meta for Voluptatem est quod non aspernatur.', '0', 'blog.layouts.post', null, '2019-01-17 01:29:19', '2019-01-23 07:34:44', '2019-01-23 07:34:44');
INSERT INTO `posts` VALUES ('3', 'oh5i4mpa5c48191453e89-0', 'Aliquid a officiis labore voluptatem placeat dolores.', 'Quia commodi veniam et velit consequatur earum sequi ea sed rerum praesentium beatae sed et facere rerum consequatur rerum consequuntur est illum assumenda.', 'Asperiores nesciunt qui minus. Atque laudantium aliquam quos et hic facilis. Excepturi ut neque dolores neque maiores consequatur minus vel.\n\nVeritatis enim eligendi id rerum et non. Rerum modi eius optio non animi. Et dolorem iste officiis earum et aut velit natus.\n\nAutem aliquid dignissimos et neque sunt et. Ullam cupiditate consequatur fugit rerum quasi molestiae perferendis. Sed architecto dolorum tempora aperiam.\n\nError labore ut illo omnis. Et debitis sint minus nulla alias deleniti. Ipsum quis corrupti eum sed doloremque qui quos neque. Labore enim non aperiam magni voluptatibus.\n\nPossimus commodi ullam ducimus expedita. Nam delectus facilis molestias autem. Odio nostrum aut consequatur est ut.', '<p>Asperiores nesciunt qui minus. Atque laudantium aliquam quos et hic facilis. Excepturi ut neque dolores neque maiores consequatur minus vel.</p>\n\n<p>Veritatis enim eligendi id rerum et non. Rerum modi eius optio non animi. Et dolorem iste officiis earum et aut velit natus.</p>\n\n<p>Autem aliquid dignissimos et neque sunt et. Ullam cupiditate consequatur fugit rerum quasi molestiae perferendis. Sed architecto dolorum tempora aperiam.</p>\n\n<p>Error labore ut illo omnis. Et debitis sint minus nulla alias deleniti. Ipsum quis corrupti eum sed doloremque qui quos neque. Labore enim non aperiam magni voluptatibus.</p>\n\n<p>Possimus commodi ullam ducimus expedita. Nam delectus facilis molestias autem. Odio nostrum aut consequatur est ut.</p>\n', 'post-bg.jpg', 'Meta for Aliquid a officiis labore voluptatem placeat dolores.', '0', 'blog.layouts.post', null, '2018-12-29 09:26:21', '2019-01-23 07:34:44', '2019-01-23 07:34:44');
INSERT INTO `posts` VALUES ('4', 'wifmimwo5c4819145598c-0', 'Ut hic dolorem dolorem nihil.', 'Vel est at omnis distinctio minus praesentium commodi minima modi animi molestiae.', 'Ab dolor harum veniam voluptatum aliquam assumenda. Magni ea molestiae illo et necessitatibus ipsa dolorum.\n\nTemporibus numquam at dignissimos et. Itaque quia maiores tempore perspiciatis. Est minus cumque minus unde. Occaecati repellendus fugiat eum.\n\nDolorum illo veniam quia atque. Rerum similique quisquam ut asperiores et. Facilis dolorem et rerum.\n\nIn et quibusdam enim quo quod. Occaecati maxime architecto repudiandae deserunt. Eum aut non mollitia recusandae. Dolorem reprehenderit illo rerum enim occaecati hic et.\n\nCum repellat odit asperiores. Quas alias porro tempore ipsa quasi. Iure perferendis est nobis asperiores tempore voluptatem totam molestiae. Earum optio voluptas soluta qui rerum impedit consectetur eius.', '<p>Ab dolor harum veniam voluptatum aliquam assumenda. Magni ea molestiae illo et necessitatibus ipsa dolorum.</p>\n\n<p>Temporibus numquam at dignissimos et. Itaque quia maiores tempore perspiciatis. Est minus cumque minus unde. Occaecati repellendus fugiat eum.</p>\n\n<p>Dolorum illo veniam quia atque. Rerum similique quisquam ut asperiores et. Facilis dolorem et rerum.</p>\n\n<p>In et quibusdam enim quo quod. Occaecati maxime architecto repudiandae deserunt. Eum aut non mollitia recusandae. Dolorem reprehenderit illo rerum enim occaecati hic et.</p>\n\n<p>Cum repellat odit asperiores. Quas alias porro tempore ipsa quasi. Iure perferendis est nobis asperiores tempore voluptatem totam molestiae. Earum optio voluptas soluta qui rerum impedit consectetur eius.</p>\n', 'contact-bg.jpg', 'Meta for Ut hic dolorem dolorem nihil.', '0', 'blog.layouts.post', null, '2019-01-05 23:09:27', '2019-01-23 07:34:44', '2019-01-23 07:34:44');
INSERT INTO `posts` VALUES ('5', 'hhlvaogv5c4819145770c-0', 'Voluptas exercitationem voluptatem aut placeat.', 'Tempora in et ducimus dolorum earum enim eveniet pariatur ducimus laborum provident perspiciatis ut magni quia vitae eius autem non voluptatem ea.', 'Eius tempora eos consequatur at. Voluptatem at quia ut nihil ut sed qui consequuntur. Maiores ullam et aperiam non asperiores accusantium nihil illum. Necessitatibus asperiores architecto et ex.\n\nLaboriosam maxime debitis voluptatibus provident animi omnis. Dolorem quia fuga hic saepe rerum deleniti. Dignissimos omnis quis autem voluptatum sunt qui asperiores. Iste ut excepturi laborum similique.\n\nRerum qui quia iste. Id est in consequuntur cumque recusandae. Corporis atque ducimus excepturi ex. Non minus enim aut est ratione repudiandae.\n\nNam sunt dolore dolorem eos. In asperiores et ut quia. Ipsam sit blanditiis nam quasi. In aut animi atque quod in sequi. Dolor eos sit enim enim blanditiis non.\n\nReprehenderit dolor id doloribus voluptatibus. Possimus dolorem ullam magni autem voluptatem hic. Blanditiis eos officiis vel. Iste saepe perferendis et eum.\n\nQui deleniti fuga adipisci quisquam. Sed quisquam expedita sit omnis. Iusto culpa deleniti nulla aliquid sed omnis.', '<p>Eius tempora eos consequatur at. Voluptatem at quia ut nihil ut sed qui consequuntur. Maiores ullam et aperiam non asperiores accusantium nihil illum. Necessitatibus asperiores architecto et ex.</p>\n\n<p>Laboriosam maxime debitis voluptatibus provident animi omnis. Dolorem quia fuga hic saepe rerum deleniti. Dignissimos omnis quis autem voluptatum sunt qui asperiores. Iste ut excepturi laborum similique.</p>\n\n<p>Rerum qui quia iste. Id est in consequuntur cumque recusandae. Corporis atque ducimus excepturi ex. Non minus enim aut est ratione repudiandae.</p>\n\n<p>Nam sunt dolore dolorem eos. In asperiores et ut quia. Ipsam sit blanditiis nam quasi. In aut animi atque quod in sequi. Dolor eos sit enim enim blanditiis non.</p>\n\n<p>Reprehenderit dolor id doloribus voluptatibus. Possimus dolorem ullam magni autem voluptatem hic. Blanditiis eos officiis vel. Iste saepe perferendis et eum.</p>\n\n<p>Qui deleniti fuga adipisci quisquam. Sed quisquam expedita sit omnis. Iusto culpa deleniti nulla aliquid sed omnis.</p>\n', 'contact-bg.jpg', 'Meta for Voluptas exercitationem voluptatem aut placeat.', '0', 'blog.layouts.post', null, '2018-12-23 23:12:04', '2019-01-23 07:34:44', '2019-01-23 07:34:44');
INSERT INTO `posts` VALUES ('6', '3kkj49qd5c48191458a74-0', 'Expedita distinctio rerum numquam ipsum et.', 'Consequatur quod id quibusdam ab doloremque quae est autem minima et ipsam autem recusandae sunt ut et.', 'Quo tempore incidunt quae ab voluptas. Et et ea voluptatem. Voluptatem provident non modi facere perspiciatis. Consequatur deleniti sequi pariatur quia eos.\n\nNihil architecto et excepturi voluptatum sapiente. Aut doloribus cumque dignissimos. Minima rerum omnis nemo vitae occaecati nihil.\n\nAut tenetur impedit sunt. Error itaque quasi error deserunt. Et placeat officiis deleniti. Et est et et dicta sed ullam iusto. Et sed ut fugit aliquam rerum dolores.', '<p>Quo tempore incidunt quae ab voluptas. Et et ea voluptatem. Voluptatem provident non modi facere perspiciatis. Consequatur deleniti sequi pariatur quia eos.</p>\n\n<p>Nihil architecto et excepturi voluptatum sapiente. Aut doloribus cumque dignissimos. Minima rerum omnis nemo vitae occaecati nihil.</p>\n\n<p>Aut tenetur impedit sunt. Error itaque quasi error deserunt. Et placeat officiis deleniti. Et est et et dicta sed ullam iusto. Et sed ut fugit aliquam rerum dolores.</p>\n', 'home-bg.jpg', 'Meta for Expedita distinctio rerum numquam ipsum et.', '0', 'blog.layouts.post', null, '2019-01-12 10:22:18', '2019-01-23 07:34:44', '2019-01-23 07:34:44');
INSERT INTO `posts` VALUES ('7', '68wrwhfn5c481914597d6-0', 'Voluptate molestiae ut qui voluptatem facere distinctio velit ex.', 'Doloremque placeat unde aspernatur repellendus et aut blanditiis reprehenderit.', 'Qui nulla quia doloremque sit dignissimos eum. Reiciendis eos ab nostrum qui similique saepe voluptatem. Quis minima ut facilis aut.\n\nDolor impedit doloribus minima magnam. Similique officia saepe ut rerum nobis exercitationem.\n\nCumque ab ullam non possimus tempore sit. Praesentium in dolor quis magnam sapiente adipisci. Sit iure distinctio maxime assumenda voluptatem omnis saepe.\n\nNatus accusamus tenetur natus amet. Perspiciatis atque rem ut ea sed quas eos asperiores. Optio voluptate odio autem. Quos tempore laborum et molestiae.', '<p>Qui nulla quia doloremque sit dignissimos eum. Reiciendis eos ab nostrum qui similique saepe voluptatem. Quis minima ut facilis aut.</p>\n\n<p>Dolor impedit doloribus minima magnam. Similique officia saepe ut rerum nobis exercitationem.</p>\n\n<p>Cumque ab ullam non possimus tempore sit. Praesentium in dolor quis magnam sapiente adipisci. Sit iure distinctio maxime assumenda voluptatem omnis saepe.</p>\n\n<p>Natus accusamus tenetur natus amet. Perspiciatis atque rem ut ea sed quas eos asperiores. Optio voluptate odio autem. Quos tempore laborum et molestiae.</p>\n', 'about-bg.jpg', 'Meta for Voluptate molestiae ut qui voluptatem facere distinctio velit ex.', '0', 'blog.layouts.post', null, '2018-12-30 05:43:52', '2019-01-23 07:34:44', '2019-01-23 07:34:44');
INSERT INTO `posts` VALUES ('8', 'oqjyl3kj5c4819145a459-0', 'Aut fugit quidem ipsa.', 'Delectus est facilis autem distinctio mollitia veniam quis suscipit nihil sint ut animi totam sunt ea possimus libero ad placeat ea et officia et.', 'Illo at est voluptates minus. Veritatis sunt et dolorum aut ratione. Veritatis quae dicta consequatur libero quidem voluptas pariatur et.\n\nAssumenda sapiente reiciendis ut maiores. Accusamus quia vel velit perferendis et eum qui. Laboriosam nemo sed in.\n\nRerum et nam vel. Omnis sunt numquam rerum maxime. Perferendis ea earum qui qui repellat ad.\n\nRerum suscipit sed et alias dolor ut eaque consequuntur. Sunt nihil voluptatibus eius sint cumque aspernatur est repellendus. Quas maxime ipsa voluptatibus eum.\n\nLaboriosam est non id quaerat est quos illo. Quidem quibusdam tenetur et consequatur aut quas impedit. Non praesentium quidem sit assumenda quo fuga dolor. Ut quis tenetur omnis voluptas voluptas adipisci.\n\nMinima mollitia officia earum porro maiores. Suscipit hic repudiandae maxime sunt laboriosam.', '<p>Illo at est voluptates minus. Veritatis sunt et dolorum aut ratione. Veritatis quae dicta consequatur libero quidem voluptas pariatur et.</p>\n\n<p>Assumenda sapiente reiciendis ut maiores. Accusamus quia vel velit perferendis et eum qui. Laboriosam nemo sed in.</p>\n\n<p>Rerum et nam vel. Omnis sunt numquam rerum maxime. Perferendis ea earum qui qui repellat ad.</p>\n\n<p>Rerum suscipit sed et alias dolor ut eaque consequuntur. Sunt nihil voluptatibus eius sint cumque aspernatur est repellendus. Quas maxime ipsa voluptatibus eum.</p>\n\n<p>Laboriosam est non id quaerat est quos illo. Quidem quibusdam tenetur et consequatur aut quas impedit. Non praesentium quidem sit assumenda quo fuga dolor. Ut quis tenetur omnis voluptas voluptas adipisci.</p>\n\n<p>Minima mollitia officia earum porro maiores. Suscipit hic repudiandae maxime sunt laboriosam.</p>\n', 'home-bg.jpg', 'Meta for Aut fugit quidem ipsa.', '0', 'blog.layouts.post', null, '2018-12-28 22:42:51', '2019-01-23 07:34:44', '2019-01-23 07:34:44');
INSERT INTO `posts` VALUES ('9', 'srflszxb5c4819145b0ee-0', 'Qui nemo occaecati et enim non.', 'Qui voluptatibus quidem facilis nostrum tenetur a magni nisi consectetur.', 'Porro delectus asperiores ab. Rerum odit vitae maxime aperiam fuga quam eaque. Ea repellendus doloribus earum sit vel dolorem.\n\nVoluptatem ab est quisquam fuga et dolorem illum similique. A modi neque consectetur quod sint non sint.\n\nMagni rerum veniam voluptatem officia. Id dolores laborum provident sed. Temporibus enim quam asperiores. Illo blanditiis cumque asperiores voluptatem soluta.\n\nUt quaerat aut libero eligendi sapiente. Quaerat ut consequatur pariatur vero ex dolorum ut. At in aut maxime porro. Tenetur qui id et dolorem fugit ab nobis.\n\nQuo commodi quae labore nihil. Harum et error quas earum eius dolorum explicabo ad. Omnis maxime modi doloremque quasi incidunt quaerat dolorum iusto.', '<p>Porro delectus asperiores ab. Rerum odit vitae maxime aperiam fuga quam eaque. Ea repellendus doloribus earum sit vel dolorem.</p>\n\n<p>Voluptatem ab est quisquam fuga et dolorem illum similique. A modi neque consectetur quod sint non sint.</p>\n\n<p>Magni rerum veniam voluptatem officia. Id dolores laborum provident sed. Temporibus enim quam asperiores. Illo blanditiis cumque asperiores voluptatem soluta.</p>\n\n<p>Ut quaerat aut libero eligendi sapiente. Quaerat ut consequatur pariatur vero ex dolorum ut. At in aut maxime porro. Tenetur qui id et dolorem fugit ab nobis.</p>\n\n<p>Quo commodi quae labore nihil. Harum et error quas earum eius dolorum explicabo ad. Omnis maxime modi doloremque quasi incidunt quaerat dolorum iusto.</p>\n', 'post-bg.jpg', 'Meta for Qui nemo occaecati et enim non.', '0', 'blog.layouts.post', null, '2018-12-23 23:07:59', '2019-01-23 07:34:44', '2019-01-23 07:34:44');
INSERT INTO `posts` VALUES ('10', 'lrs1itax5c4819145be20-0', 'Dolores ea molestias inventore et quo.', 'Error asperiores commodi aut nesciunt consectetur dolor error qui illum ipsam sed veritatis sit perferendis similique cum nostrum non dignissimos dignissimos vel omnis.', 'Doloribus corrupti nesciunt ipsa numquam. Rem voluptas nemo a ut porro quibusdam perferendis. Rerum aut consequatur dolor quis dolore qui et. Fugit et et cumque.\n\nVelit vel velit molestias temporibus et repellat quia. Dolor exercitationem ipsa et accusantium officia sapiente fuga corporis. Vero accusamus ratione velit minima sunt et.\n\nEnim id rerum ullam hic tempore. Ut veniam sunt molestiae libero. Aspernatur temporibus in dignissimos cumque amet et.\n\nAccusantium architecto quia dolores quam. Magni dignissimos et nisi sit pariatur aliquam. Magnam laudantium dolores suscipit esse eum eius rerum. Dolorem neque molestiae eius voluptatibus libero et sed.\n\nDolorum mollitia repellat possimus. Aliquam et ullam cumque. Quos numquam facere et ipsam officia reprehenderit.', '<p>Doloribus corrupti nesciunt ipsa numquam. Rem voluptas nemo a ut porro quibusdam perferendis. Rerum aut consequatur dolor quis dolore qui et. Fugit et et cumque.</p>\n\n<p>Velit vel velit molestias temporibus et repellat quia. Dolor exercitationem ipsa et accusantium officia sapiente fuga corporis. Vero accusamus ratione velit minima sunt et.</p>\n\n<p>Enim id rerum ullam hic tempore. Ut veniam sunt molestiae libero. Aspernatur temporibus in dignissimos cumque amet et.</p>\n\n<p>Accusantium architecto quia dolores quam. Magni dignissimos et nisi sit pariatur aliquam. Magnam laudantium dolores suscipit esse eum eius rerum. Dolorem neque molestiae eius voluptatibus libero et sed.</p>\n\n<p>Dolorum mollitia repellat possimus. Aliquam et ullam cumque. Quos numquam facere et ipsam officia reprehenderit.</p>\n', 'home-bg.jpg', 'Meta for Dolores ea molestias inventore et quo.', '0', 'blog.layouts.post', null, '2018-12-31 17:17:32', '2019-01-23 07:34:44', '2019-01-23 07:34:44');
INSERT INTO `posts` VALUES ('11', 'gemsvh0q5c4819145cb7e-0', 'Sed deleniti velit consequatur.', 'Et nihil et enim officiis dolorem quod esse magnam a tenetur consequuntur totam architecto molestiae nesciunt laborum.', 'Quasi similique rerum repellat qui harum animi. Reiciendis illum velit voluptates alias repellat porro. Ut nostrum corrupti consequatur ipsam. Consectetur nisi accusantium autem qui autem aut non.\n\nIllum iusto dolores hic voluptate quis sequi aperiam. Inventore sit fugiat quaerat quas est. Sit et nihil aut eos eum accusamus rerum. Est qui ratione qui et animi quisquam veritatis.\n\nRerum odit a fuga et rem facilis perferendis. Nostrum in velit commodi. Amet ea eos dolorum dolore illum. Et ut earum accusantium earum rerum itaque.\n\nConsequuntur quia qui officiis. Sequi rem repellendus numquam temporibus odio illo odit. Consequuntur tempore distinctio et cumque earum molestias aperiam.', '<p>Quasi similique rerum repellat qui harum animi. Reiciendis illum velit voluptates alias repellat porro. Ut nostrum corrupti consequatur ipsam. Consectetur nisi accusantium autem qui autem aut non.</p>\n\n<p>Illum iusto dolores hic voluptate quis sequi aperiam. Inventore sit fugiat quaerat quas est. Sit et nihil aut eos eum accusamus rerum. Est qui ratione qui et animi quisquam veritatis.</p>\n\n<p>Rerum odit a fuga et rem facilis perferendis. Nostrum in velit commodi. Amet ea eos dolorum dolore illum. Et ut earum accusantium earum rerum itaque.</p>\n\n<p>Consequuntur quia qui officiis. Sequi rem repellendus numquam temporibus odio illo odit. Consequuntur tempore distinctio et cumque earum molestias aperiam.</p>\n', 'about-bg.jpg', 'Meta for Sed deleniti velit consequatur.', '0', 'blog.layouts.post', null, '2019-01-01 02:15:55', '2019-01-23 07:34:44', '2019-01-23 07:34:44');
INSERT INTO `posts` VALUES ('12', 'xigehrwb5c4819145e076-0', 'Sint quibusdam sapiente quas quasi ut.', 'Voluptatum ullam veritatis libero mollitia et voluptas minima iure aperiam enim voluptate accusantium fuga quis ratione ullam est veniam.', 'Consequuntur placeat modi voluptate nisi est quisquam et. Quo placeat earum natus rem iste rerum. Eaque incidunt ut maiores aperiam alias vel ullam. Nihil aut sed aut.\n\nAccusamus odio quisquam dolorem eos. Voluptas placeat dolores quidem sapiente porro. Voluptas omnis odit cupiditate autem quidem voluptas ea.\n\nEarum non sed rerum. Vel officiis nihil corrupti minus et dicta. Nesciunt a veniam saepe aut fugit.\n\nSint pariatur non quam voluptas. Ut repellendus qui voluptatem eum illum quas. Eaque eum autem neque nihil tenetur aspernatur.\n\nTempore perferendis debitis recusandae culpa. Qui ducimus sit voluptatem magnam sit delectus.\n\nAliquid nostrum eveniet magnam nobis sunt. Iste quidem ipsa ut enim. Voluptatem dolorem fuga aliquam vel quod nihil. Ut reiciendis saepe molestiae minima.', '<p>Consequuntur placeat modi voluptate nisi est quisquam et. Quo placeat earum natus rem iste rerum. Eaque incidunt ut maiores aperiam alias vel ullam. Nihil aut sed aut.</p>\n\n<p>Accusamus odio quisquam dolorem eos. Voluptas placeat dolores quidem sapiente porro. Voluptas omnis odit cupiditate autem quidem voluptas ea.</p>\n\n<p>Earum non sed rerum. Vel officiis nihil corrupti minus et dicta. Nesciunt a veniam saepe aut fugit.</p>\n\n<p>Sint pariatur non quam voluptas. Ut repellendus qui voluptatem eum illum quas. Eaque eum autem neque nihil tenetur aspernatur.</p>\n\n<p>Tempore perferendis debitis recusandae culpa. Qui ducimus sit voluptatem magnam sit delectus.</p>\n\n<p>Aliquid nostrum eveniet magnam nobis sunt. Iste quidem ipsa ut enim. Voluptatem dolorem fuga aliquam vel quod nihil. Ut reiciendis saepe molestiae minima.</p>\n', 'contact-bg.jpg', 'Meta for Sint quibusdam sapiente quas quasi ut.', '0', 'blog.layouts.post', null, '2019-01-04 14:28:50', '2019-01-23 07:34:44', '2019-01-23 07:34:44');
INSERT INTO `posts` VALUES ('13', 'x0dsgdxl5c4819145ef52-0', 'Velit quis sit sit in.', 'Omnis occaecati corrupti sit eligendi consequatur at temporibus provident dolorum quisquam totam ea voluptatem.', 'Minus est non numquam. Sed molestiae neque placeat placeat voluptas. Minima optio id ipsum est. Placeat reprehenderit qui reprehenderit ut repudiandae aut quia atque. Adipisci nisi corrupti doloremque possimus exercitationem.\n\nSunt voluptatibus eligendi officia atque iusto nam porro. In est vero unde assumenda. Et consequuntur molestiae quo consequatur. Consequatur doloremque veniam labore et. Dolor non nihil quae deleniti.\n\nVoluptatem possimus enim et non officia tenetur non eveniet. Iste molestiae ipsa deleniti sed eos impedit tempora itaque. Totam qui beatae qui in beatae. Ullam iusto consequatur id quae aliquam aut.\n\nVoluptatem qui ut iste voluptas et blanditiis quis iure. Ipsam est ipsa omnis ut. Veniam dolorem qui perspiciatis fugit labore.\n\nConsequatur fugiat ab velit et. Ut et accusantium ducimus placeat rerum tempore rerum. Rerum maiores aut neque fugiat repellat nulla.\n\nEveniet dicta excepturi magni. Illum non ea harum voluptatibus sed aliquam mollitia. Eum fugit et optio eos.', '<p>Minus est non numquam. Sed molestiae neque placeat placeat voluptas. Minima optio id ipsum est. Placeat reprehenderit qui reprehenderit ut repudiandae aut quia atque. Adipisci nisi corrupti doloremque possimus exercitationem.</p>\n\n<p>Sunt voluptatibus eligendi officia atque iusto nam porro. In est vero unde assumenda. Et consequuntur molestiae quo consequatur. Consequatur doloremque veniam labore et. Dolor non nihil quae deleniti.</p>\n\n<p>Voluptatem possimus enim et non officia tenetur non eveniet. Iste molestiae ipsa deleniti sed eos impedit tempora itaque. Totam qui beatae qui in beatae. Ullam iusto consequatur id quae aliquam aut.</p>\n\n<p>Voluptatem qui ut iste voluptas et blanditiis quis iure. Ipsam est ipsa omnis ut. Veniam dolorem qui perspiciatis fugit labore.</p>\n\n<p>Consequatur fugiat ab velit et. Ut et accusantium ducimus placeat rerum tempore rerum. Rerum maiores aut neque fugiat repellat nulla.</p>\n\n<p>Eveniet dicta excepturi magni. Illum non ea harum voluptatibus sed aliquam mollitia. Eum fugit et optio eos.</p>\n', 'post-bg.jpg', 'Meta for Velit quis sit sit in.', '0', 'blog.layouts.post', null, '2018-12-31 23:40:38', '2019-01-23 07:34:44', '2019-01-23 07:34:44');
INSERT INTO `posts` VALUES ('14', 'irkcggpw5c4819145faee-0', 'Autem sit rerum consequuntur.', 'Officiis mollitia aperiam ipsam voluptatem vitae placeat quaerat necessitatibus esse ut.', 'Dolores quis cumque quisquam quaerat rerum ut illo eos. At vitae ut animi ratione cum. Tempora itaque repellat qui dolores dicta. Molestiae repudiandae rerum porro velit sunt atque.\n\nLibero aut illum rerum ut facere deserunt porro similique. Saepe et perspiciatis omnis quia et voluptatem ipsum cupiditate. Quasi unde aliquam enim vel.\n\nEa aut a beatae enim soluta perspiciatis sint. Mollitia autem dolor cumque architecto autem ut in reprehenderit. Modi doloremque velit voluptate voluptas molestias ratione. Sunt exercitationem quod quo et.\n\nUt eaque quis dolore distinctio rerum magni. Ullam quas autem officia et numquam. Dolorum sequi deleniti aut perferendis vel dolore. Tempora fugit eius aut.', '<p>Dolores quis cumque quisquam quaerat rerum ut illo eos. At vitae ut animi ratione cum. Tempora itaque repellat qui dolores dicta. Molestiae repudiandae rerum porro velit sunt atque.</p>\n\n<p>Libero aut illum rerum ut facere deserunt porro similique. Saepe et perspiciatis omnis quia et voluptatem ipsum cupiditate. Quasi unde aliquam enim vel.</p>\n\n<p>Ea aut a beatae enim soluta perspiciatis sint. Mollitia autem dolor cumque architecto autem ut in reprehenderit. Modi doloremque velit voluptate voluptas molestias ratione. Sunt exercitationem quod quo et.</p>\n\n<p>Ut eaque quis dolore distinctio rerum magni. Ullam quas autem officia et numquam. Dolorum sequi deleniti aut perferendis vel dolore. Tempora fugit eius aut.</p>\n', 'post-bg.jpg', 'Meta for Autem sit rerum consequuntur.', '0', 'blog.layouts.post', null, '2019-01-20 20:22:30', '2019-01-23 07:34:44', '2019-01-23 07:34:44');
INSERT INTO `posts` VALUES ('15', 'rrj3rbpu5c481914606b6-0', 'Odio animi ut debitis similique culpa voluptatem voluptatem et qui cum distinctio.', 'Quia non fugiat laborum occaecati officiis quis sed maxime eum voluptatem.', 'Sit aut recusandae omnis earum amet harum. Consequatur et laborum delectus nihil temporibus et. Ut sed alias in id quia modi.\n\nAccusamus commodi est sunt quam aut beatae sequi. Facere ut quis consequatur et sint. Repudiandae sequi dolorem voluptatum est quia. Beatae voluptates asperiores quia omnis pariatur asperiores nihil.\n\nNumquam rerum a non aliquam earum ut. Quo non qui error nobis vitae ducimus rerum. Doloremque voluptatem qui qui amet. Rem eaque optio veniam velit doloribus necessitatibus voluptas.\n\nVoluptates aliquid reprehenderit quia dignissimos et est. Velit ratione corrupti sit mollitia ratione velit. Praesentium ut qui est nostrum libero amet.', '<p>Sit aut recusandae omnis earum amet harum. Consequatur et laborum delectus nihil temporibus et. Ut sed alias in id quia modi.</p>\n\n<p>Accusamus commodi est sunt quam aut beatae sequi. Facere ut quis consequatur et sint. Repudiandae sequi dolorem voluptatum est quia. Beatae voluptates asperiores quia omnis pariatur asperiores nihil.</p>\n\n<p>Numquam rerum a non aliquam earum ut. Quo non qui error nobis vitae ducimus rerum. Doloremque voluptatem qui qui amet. Rem eaque optio veniam velit doloribus necessitatibus voluptas.</p>\n\n<p>Voluptates aliquid reprehenderit quia dignissimos et est. Velit ratione corrupti sit mollitia ratione velit. Praesentium ut qui est nostrum libero amet.</p>\n', 'about-bg.jpg', 'Meta for Odio animi ut debitis similique culpa voluptatem voluptatem et qui cum distinctio.', '0', 'blog.layouts.post', null, '2019-01-21 01:41:36', '2019-01-23 07:34:44', '2019-01-23 07:34:44');
INSERT INTO `posts` VALUES ('16', '38xjcr1p5c481914612cc-0', 'Aperiam corrupti fugit.', 'Sequi dicta doloremque provident ut similique quos molestiae officiis facilis rerum laborum qui maxime est cumque.', 'Iusto aliquam eos reiciendis et enim facere. Ut asperiores nobis vel. Molestiae odit sed ut earum ullam quod.\n\nEius dolorem modi id ab itaque. Sed perferendis quasi officia non ut laborum nobis. Corporis quod vel facilis sit.\n\nUnde nemo possimus ducimus minus. Dolores sit ad suscipit quae a nisi. Ipsum eum quasi quo odit numquam rerum.\n\nTemporibus adipisci quam quae non ipsum. Ad rerum aliquid necessitatibus sint velit occaecati dolor dolorem.\n\nEum qui sint iste qui provident. Cupiditate ab deleniti dolores sit. Ut enim sint aliquam dignissimos necessitatibus accusamus voluptas. Et aut sequi veritatis omnis repellat non quasi maiores.', '<p>Iusto aliquam eos reiciendis et enim facere. Ut asperiores nobis vel. Molestiae odit sed ut earum ullam quod.</p>\n\n<p>Eius dolorem modi id ab itaque. Sed perferendis quasi officia non ut laborum nobis. Corporis quod vel facilis sit.</p>\n\n<p>Unde nemo possimus ducimus minus. Dolores sit ad suscipit quae a nisi. Ipsum eum quasi quo odit numquam rerum.</p>\n\n<p>Temporibus adipisci quam quae non ipsum. Ad rerum aliquid necessitatibus sint velit occaecati dolor dolorem.</p>\n\n<p>Eum qui sint iste qui provident. Cupiditate ab deleniti dolores sit. Ut enim sint aliquam dignissimos necessitatibus accusamus voluptas. Et aut sequi veritatis omnis repellat non quasi maiores.</p>\n', 'post-bg.jpg', 'Meta for Aperiam corrupti fugit.', '0', 'blog.layouts.post', null, '2019-01-03 13:59:14', '2019-01-23 07:34:44', '2019-01-23 07:34:44');
INSERT INTO `posts` VALUES ('17', 'yoqjh98f5c48191461ecb-0', 'test create new article', 'test', '**使用 Clean Blog**\r\nClean Blog 是 Start Bootstrap 提供的一个免费博客模板，本节我们将使用该模板美化博客前台页面。\r\n\r\n使用 NPM 获取 Clean Blog\r\n```\r\nnpm install startbootstrap-clean-blog --save-dev\r\n```\r\n使用 Laravel Mix 管理 Clean Blog\r\n在 resources/sass/app.scss 中引入 Clean Blog 的 Sass 文件：\r\n\r\n// Clean Blog\r\n```\r\n@import \"~startbootstrap-clean-blog/scss/clean-blog\";\r\n```\r\n然后运行 `npm run dev` 重新编译前端资源，新添加的 Clean Blog 的 Sass 资源文件就会通过 Laravel Mix 编译合并到 public/css/app.css 中。', '<p><strong>使用 Clean Blog</strong>\nClean Blog 是 Start Bootstrap 提供的一个免费博客模板，本节我们将使用该模板美化博客前台页面。</p>\n\n<p>使用 NPM 获取 Clean Blog</p>\n\n<pre><code>npm install startbootstrap-clean-blog --save-dev\n</code></pre>\n\n<p>使用 Laravel Mix 管理 Clean Blog\n在 resources/sass/app.scss 中引入 Clean Blog 的 Sass 文件：</p>\n\n<p>// Clean Blog</p>\n\n<pre><code>@import \"~startbootstrap-clean-blog/scss/clean-blog\";\n</code></pre>\n\n<p>然后运行 <code>npm run dev</code> 重新编译前端资源，新添加的 Clean Blog 的 Sass 资源文件就会通过 Laravel Mix 编译合并到 public/css/app.css 中。</p>\n', 'home-bg.jpg', 'Meta for Id voluptatibus atque nisi et eum sunt debitis ad magnam dolorem.', '0', 'blog.layouts.post', null, '2019-01-22 13:14:00', '2019-01-23 07:34:44', '2019-01-23 16:24:36');
INSERT INTO `posts` VALUES ('18', 'aay59ico5c48191462c58-0', 'Deserunt quis quia ad consequuntur perspiciatis quibusdam libero porro.', 'Aut autem illum minima aliquam pariatur dolores ut nisi assumenda temporibus et rerum quas labore.', 'Fugit possimus possimus harum repellat ea expedita possimus. In et occaecati odio qui consequatur. Aut eos fugit quis explicabo. Nemo placeat odit est.\n\nVitae cum incidunt suscipit ratione. Nobis animi quia quia sed unde velit. Nemo et perferendis enim. Quod est dolore cupiditate nihil voluptatem distinctio atque.\n\nQui placeat recusandae omnis quas aperiam et. Itaque officia magnam qui ratione in consequatur ut. Quaerat et nihil molestiae. Velit incidunt optio eum numquam et. Consequatur expedita quae quia sunt.\n\nLibero veritatis et sunt veritatis enim corporis dolor. Vero quibusdam quaerat illum quos tenetur. Incidunt minima dolor alias.\n\nDolor quos hic ut repellendus. Harum non nihil natus consequatur illo ipsum. Voluptatem cumque error nisi qui blanditiis quos odit. Impedit minima quis impedit ut quidem quam.\n\nMinus in esse sint laudantium impedit. Nemo amet sed necessitatibus quos vitae.', '<p>Fugit possimus possimus harum repellat ea expedita possimus. In et occaecati odio qui consequatur. Aut eos fugit quis explicabo. Nemo placeat odit est.</p>\n\n<p>Vitae cum incidunt suscipit ratione. Nobis animi quia quia sed unde velit. Nemo et perferendis enim. Quod est dolore cupiditate nihil voluptatem distinctio atque.</p>\n\n<p>Qui placeat recusandae omnis quas aperiam et. Itaque officia magnam qui ratione in consequatur ut. Quaerat et nihil molestiae. Velit incidunt optio eum numquam et. Consequatur expedita quae quia sunt.</p>\n\n<p>Libero veritatis et sunt veritatis enim corporis dolor. Vero quibusdam quaerat illum quos tenetur. Incidunt minima dolor alias.</p>\n\n<p>Dolor quos hic ut repellendus. Harum non nihil natus consequatur illo ipsum. Voluptatem cumque error nisi qui blanditiis quos odit. Impedit minima quis impedit ut quidem quam.</p>\n\n<p>Minus in esse sint laudantium impedit. Nemo amet sed necessitatibus quos vitae.</p>\n', 'post-bg.jpg', 'Meta for Deserunt quis quia ad consequuntur perspiciatis quibusdam libero porro.', '0', 'blog.layouts.post', null, '2018-12-27 10:03:22', '2019-01-23 07:34:44', '2019-01-23 07:34:44');
INSERT INTO `posts` VALUES ('19', 'cf7nck2c5c48191463a1f-0', 'Omnis ut necessitatibus nulla deserunt eum cumque.', 'Eos eos provident deleniti adipisci temporibus sed beatae voluptate cumque et sed occaecati sed ea quis.', 'Voluptatem perferendis ipsa est nisi beatae quis at. Enim quo consequatur cumque aut est. Incidunt rerum odio qui et laboriosam.\n\nUt porro nam iusto facere suscipit sunt omnis. Eos enim fugit aliquid vel. Nulla provident neque soluta natus consectetur delectus rerum. Dolore autem temporibus natus dignissimos et. Et sit nobis sapiente minima neque.\n\nQuos vel cupiditate reiciendis facilis. Et dignissimos non ducimus omnis veniam enim adipisci. Earum possimus repellendus at dignissimos ut aliquam. Libero repellendus tenetur et aut esse omnis. Fugit et animi ut numquam.\n\nUt aliquid in laudantium libero. Itaque voluptatem consectetur corporis consequuntur doloribus. Optio praesentium quasi ut saepe in incidunt qui. Quis sunt nisi natus aperiam rerum repudiandae cumque et.', '<p>Voluptatem perferendis ipsa est nisi beatae quis at. Enim quo consequatur cumque aut est. Incidunt rerum odio qui et laboriosam.</p>\n\n<p>Ut porro nam iusto facere suscipit sunt omnis. Eos enim fugit aliquid vel. Nulla provident neque soluta natus consectetur delectus rerum. Dolore autem temporibus natus dignissimos et. Et sit nobis sapiente minima neque.</p>\n\n<p>Quos vel cupiditate reiciendis facilis. Et dignissimos non ducimus omnis veniam enim adipisci. Earum possimus repellendus at dignissimos ut aliquam. Libero repellendus tenetur et aut esse omnis. Fugit et animi ut numquam.</p>\n\n<p>Ut aliquid in laudantium libero. Itaque voluptatem consectetur corporis consequuntur doloribus. Optio praesentium quasi ut saepe in incidunt qui. Quis sunt nisi natus aperiam rerum repudiandae cumque et.</p>\n', 'about-bg.jpg', 'Meta for Omnis ut necessitatibus nulla deserunt eum cumque.', '0', 'blog.layouts.post', null, '2019-01-03 17:42:53', '2019-01-23 07:34:44', '2019-01-23 07:34:44');
INSERT INTO `posts` VALUES ('20', 'yoktgo3q5c48191464679-0', 'Saepe et hic quia fugiat qui sed nesciunt et aut eius nemo eius.', 'A consequatur aut laborum id et expedita voluptatem vel eius fugit omnis commodi nostrum omnis illo eveniet eligendi similique pariatur omnis voluptatem eos est aut voluptatum doloremque.', 'Sit optio quisquam minus et deserunt est ut. Adipisci odit eius ea delectus aperiam voluptatem magnam. Porro et commodi facere. Nulla voluptates officia neque qui sit.\n\nSapiente quo aspernatur quia est voluptas ut. Voluptatem commodi aliquam et nisi. Ut rerum veniam quo rerum amet nostrum magni qui. Facilis voluptatum qui aspernatur ut quia ea. Harum vel quisquam dolorum non neque sequi.\n\nMinima blanditiis consectetur et officiis animi adipisci. Ratione tenetur dolorem aliquam voluptas. Commodi quis alias ipsum hic quos.\n\nNihil nulla consequatur voluptas et. Voluptatem eos aut qui repellendus iure esse. Corporis pariatur illum rerum rerum.', '<p>Sit optio quisquam minus et deserunt est ut. Adipisci odit eius ea delectus aperiam voluptatem magnam. Porro et commodi facere. Nulla voluptates officia neque qui sit.</p>\n\n<p>Sapiente quo aspernatur quia est voluptas ut. Voluptatem commodi aliquam et nisi. Ut rerum veniam quo rerum amet nostrum magni qui. Facilis voluptatum qui aspernatur ut quia ea. Harum vel quisquam dolorum non neque sequi.</p>\n\n<p>Minima blanditiis consectetur et officiis animi adipisci. Ratione tenetur dolorem aliquam voluptas. Commodi quis alias ipsum hic quos.</p>\n\n<p>Nihil nulla consequatur voluptas et. Voluptatem eos aut qui repellendus iure esse. Corporis pariatur illum rerum rerum.</p>\n', 'post-bg.jpg', 'Meta for Saepe et hic quia fugiat qui sed nesciunt et aut eius nemo eius.', '0', 'blog.layouts.post', null, '2018-12-25 04:40:33', '2019-01-23 07:34:44', '2019-01-23 07:34:44');

-- ----------------------------
-- Table structure for post_tag_pivot
-- ----------------------------
DROP TABLE IF EXISTS `post_tag_pivot`;
CREATE TABLE `post_tag_pivot` (
  `id` int(10) unsigned NOT NULL AUTO_INCREMENT,
  `post_id` int(10) unsigned NOT NULL,
  `tag_id` int(10) unsigned NOT NULL,
  `created_at` timestamp NULL DEFAULT NULL,
  `updated_at` timestamp NULL DEFAULT NULL,
  PRIMARY KEY (`id`),
  KEY `post_tag_pivot_post_id_index` (`post_id`),
  KEY `post_tag_pivot_tag_id_index` (`tag_id`)
) ENGINE=InnoDB AUTO_INCREMENT=18 DEFAULT CHARSET=utf8mb4 COLLATE=utf8mb4_unicode_ci;

-- ----------------------------
-- Records of post_tag_pivot
-- ----------------------------
INSERT INTO `post_tag_pivot` VALUES ('1', '3', '3', null, null);
INSERT INTO `post_tag_pivot` VALUES ('2', '5', '1', null, null);
INSERT INTO `post_tag_pivot` VALUES ('3', '5', '4', null, null);
INSERT INTO `post_tag_pivot` VALUES ('4', '6', '4', null, null);
INSERT INTO `post_tag_pivot` VALUES ('5', '8', '2', null, null);
INSERT INTO `post_tag_pivot` VALUES ('6', '8', '3', null, null);
INSERT INTO `post_tag_pivot` VALUES ('7', '9', '2', null, null);
INSERT INTO `post_tag_pivot` VALUES ('8', '10', '3', null, null);
INSERT INTO `post_tag_pivot` VALUES ('9', '11', '3', null, null);
INSERT INTO `post_tag_pivot` VALUES ('10', '13', '4', null, null);
INSERT INTO `post_tag_pivot` VALUES ('11', '15', '4', null, null);
INSERT INTO `post_tag_pivot` VALUES ('12', '17', '2', null, null);
INSERT INTO `post_tag_pivot` VALUES ('13', '17', '3', null, null);
INSERT INTO `post_tag_pivot` VALUES ('14', '18', '1', null, null);
INSERT INTO `post_tag_pivot` VALUES ('15', '18', '4', null, null);
INSERT INTO `post_tag_pivot` VALUES ('16', '19', '5', null, null);
INSERT INTO `post_tag_pivot` VALUES ('17', '20', '3', null, null);

-- ----------------------------
-- Table structure for tags
-- ----------------------------
DROP TABLE IF EXISTS `tags`;
CREATE TABLE `tags` (
  `id` int(10) unsigned NOT NULL AUTO_INCREMENT,
  `tag` varchar(255) COLLATE utf8mb4_unicode_ci NOT NULL,
  `title` varchar(255) COLLATE utf8mb4_unicode_ci NOT NULL COMMENT '标题',
  `subtitle` varchar(255) COLLATE utf8mb4_unicode_ci NOT NULL,
  `page_image` varchar(255) COLLATE utf8mb4_unicode_ci NOT NULL COMMENT '标签图片',
  `meta_description` varchar(255) COLLATE utf8mb4_unicode_ci NOT NULL COMMENT '标签介绍',
  `layout` varchar(255) COLLATE utf8mb4_unicode_ci NOT NULL DEFAULT 'blog.layouts.index' COMMENT '博客终归要使用布局',
  `reverse_direction` tinyint(1) NOT NULL,
  `created_at` timestamp NULL DEFAULT NULL,
  `updated_at` timestamp NULL DEFAULT NULL,
  PRIMARY KEY (`id`),
  UNIQUE KEY `tags_tag_unique` (`tag`)
) ENGINE=InnoDB AUTO_INCREMENT=6 DEFAULT CHARSET=utf8mb4 COLLATE=utf8mb4_unicode_ci;

-- ----------------------------
-- Records of tags
-- ----------------------------
INSERT INTO `tags` VALUES ('1', 'sunt', 'Sunt', 'Enim non dolorem delectus corrupti.', 'about-bg.jpg', 'Meta for sunt', 'blog.layouts.index', '0', '2019-01-23 07:34:43', '2019-01-23 07:34:43');
INSERT INTO `tags` VALUES ('2', 'aperiam', 'Aperiam', 'Et dolor corporis reprehenderit omnis molestias architecto unde.', 'contact-bg.jpg', 'Meta for aperiam', 'blog.layouts.index', '0', '2019-01-23 07:34:43', '2019-01-23 07:34:43');
INSERT INTO `tags` VALUES ('3', 'ea', 'Ea', 'Eos quia dolores voluptate dolore.', 'post-bg.jpg', 'Meta for ea', 'blog.layouts.index', '0', '2019-01-23 07:34:43', '2019-01-23 07:34:43');
INSERT INTO `tags` VALUES ('4', 'ut', 'Ut', 'Quis velit magni rerum quidem maxime at.', 'home-bg.jpg', 'Meta for ut', 'blog.layouts.index', '0', '2019-01-23 07:34:43', '2019-01-23 07:34:43');
INSERT INTO `tags` VALUES ('5', 'iusto', 'Iusto', 'Ad qui non magnam ut delectus quia.', 'post-bg.jpg', 'Meta for iusto', 'blog.layouts.index', '0', '2019-01-23 07:34:43', '2019-01-23 07:34:43');

-- ----------------------------
-- Table structure for users
-- ----------------------------
DROP TABLE IF EXISTS `users`;
CREATE TABLE `users` (
  `id` int(10) unsigned NOT NULL AUTO_INCREMENT,
  `name` varchar(255) COLLATE utf8mb4_unicode_ci NOT NULL,
  `email` varchar(255) COLLATE utf8mb4_unicode_ci NOT NULL,
  `email_verified_at` timestamp NULL DEFAULT NULL,
  `password` varchar(255) COLLATE utf8mb4_unicode_ci NOT NULL,
  `remember_token` varchar(100) COLLATE utf8mb4_unicode_ci DEFAULT NULL,
  `created_at` timestamp NULL DEFAULT NULL,
  `updated_at` timestamp NULL DEFAULT NULL,
  PRIMARY KEY (`id`),
  UNIQUE KEY `users_email_unique` (`email`)
) ENGINE=InnoDB AUTO_INCREMENT=2 DEFAULT CHARSET=utf8mb4 COLLATE=utf8mb4_unicode_ci;

-- ----------------------------
-- Records of users
-- ----------------------------
INSERT INTO `users` VALUES ('1', 'moon', '575865770@qq.com', null, '$2y$10$Er9gW/9BcUPSxL7CD0yaSeMCnmuZcAdQm8CAJprgCO.Zv1PxC6RDa', '1wiG2JKd51nIO0AQWlvkiMgtkkcIyKLZNdCaCI3ql2lAZEZBkx7f1plsZUSP', '2019-01-17 08:06:25', '2019-01-17 08:06:25');
